URL,Company,Summary,Keywords,Country,SuperSector,Search Keywords
https://www.cbinsights.com/company/dave,908 Devices Inc.(MASS),. .,(),United States,Precision Products,"['Chatbot', 'Generative AI', 'LLM', 'ChatGPT', 'Llama-2', 'BLOOMZ', 'GPT-4', 'GPT4', 'Stable Diffusion 2', 'PaLM 2', 'Claude 2', 'Jurrasic-2', 'Inflection-1', 'Titan Text']"
https://www.marketscreener.com/news/latest/North-American-Morning-Briefing-S-P-500-Futures-2-46092970/,908 Devices Inc.(MASS),. .,(),United States,Precision Products,"['Chatbot', 'Generative AI', 'LLM', 'ChatGPT', 'Llama-2', 'BLOOMZ', 'GPT-4', 'GPT4', 'Stable Diffusion 2', 'PaLM 2', 'Claude 2', 'Jurrasic-2', 'Inflection-1', 'Titan Text']"
https://ologist.online/blogs/jjbanfucwo,908 Devices Inc.(MASS),. .,(),United States,Precision Products,"['Chatbot', 'Generative AI', 'LLM', 'ChatGPT', 'Llama-2', 'BLOOMZ', 'GPT-4', 'GPT4', 'Stable Diffusion 2', 'PaLM 2', 'Claude 2', 'Jurrasic-2', 'Inflection-1', 'Titan Text']"
http://stockjump.sos.gd/?exchange=US&currency=USD,908 Devices Inc.(MASS),. .,(),United States,Precision Products,"['Chatbot', 'Generative AI', 'LLM', 'ChatGPT', 'Llama-2', 'BLOOMZ', 'GPT-4', 'GPT4', 'Stable Diffusion 2', 'PaLM 2', 'Claude 2', 'Jurrasic-2', 'Inflection-1', 'Titan Text']"
https://andet.online/blogs/ywthxbynfv,908 Devices Inc.(MASS),. .,(),United States,Precision Products,"['Chatbot', 'Generative AI', 'LLM', 'ChatGPT', 'Llama-2', 'BLOOMZ', 'GPT-4', 'GPT4', 'Stable Diffusion 2', 'PaLM 2', 'Claude 2', 'Jurrasic-2', 'Inflection-1', 'Titan Text']"
http://stockjump.sos.gd/?exchange=US&currency=USD,92 Energy Ltd.(NTELF),. .,(),United States,Non-Ferrous Metals,"['Chatbot', 'Generative AI', 'LLM', 'ChatGPT', 'Llama-2', 'BLOOMZ', 'GPT-4', 'GPT4', 'Stable Diffusion 2', 'PaLM 2', 'Claude 2', 'Jurrasic-2', 'Inflection-1', 'Titan Text']"
http://stockjump.sos.gd/?exchange=US&currency=USD,9F Inc. ADR(JFU),. .,(),United States,Consumer Finance,"['Chatbot', 'Generative AI', 'LLM', 'ChatGPT', 'Llama-2', 'BLOOMZ', 'GPT-4', 'GPT4', 'Stable Diffusion 2', 'PaLM 2', 'Claude 2', 'Jurrasic-2', 'Inflection-1', 'Titan Text']"
https://www.nyse.com/publicdocs/nyse/markets/nyse-arca/NYSE_Arca_Auction_Stocks.xls,A SPAC I Acquisition Corp. Cl A(ASCA),Common stock CGON TXN13-3 Y Tape C CoreValues Alpha Greater China Growth ETF CGRO TXXN4-8 y Tape B Capital Group Short Duration Income ETF CGT,"('Generative AI',)",United States,Shell companies,"['Chatbot', 'Generative AI', 'LLM', 'ChatGPT', 'Llama-2', 'BLOOMZ', 'GPT-4', 'GPT4', 'Stable Diffusion 2', 'PaLM 2', 'Claude 2', 'Jurrasic-2', 'Inflection-1', 'Titan Text']"
https://www.interactivebrokers.com.hk/en/index.php?f=4587&cntry=usa&tag=United%20States&ln=&asset=&b=A&e=FLT,A SPAC I Acquisition Corp. Cl A(ASCA),. .,(),United States,Shell companies,"['Chatbot', 'Generative AI', 'LLM', 'ChatGPT', 'Llama-2', 'BLOOMZ', 'GPT-4', 'GPT4', 'Stable Diffusion 2', 'PaLM 2', 'Claude 2', 'Jurrasic-2', 'Inflection-1', 'Titan Text']"
https://capedge.com/spacs,A SPAC I Acquisition Corp. Cl A(ASCA),. .,(),United States,Shell companies,"['Chatbot', 'Generative AI', 'LLM', 'ChatGPT', 'Llama-2', 'BLOOMZ', 'GPT-4', 'GPT4', 'Stable Diffusion 2', 'PaLM 2', 'Claude 2', 'Jurrasic-2', 'Inflection-1', 'Titan Text']"
https://www.clientam.com.hk/en/index.php?f=4587&cntry=usa&tag=United%20States&ib_entity=llc&ln=&asset=,A SPAC I Acquisition Corp. Cl A(ASCA),. .,(),United States,Shell companies,"['Chatbot', 'Generative AI', 'LLM', 'ChatGPT', 'Llama-2', 'BLOOMZ', 'GPT-4', 'GPT4', 'Stable Diffusion 2', 'PaLM 2', 'Claude 2', 'Jurrasic-2', 'Inflection-1', 'Titan Text']"
https://pubsonline.informs.org/doi/abs/10.1287/mnsc.9.3.458,A SPAC I Acquisition Corp. Cl A(ASCA),. .,(),United States,Shell companies,"['Chatbot', 'Generative AI', 'LLM', 'ChatGPT', 'Llama-2', 'BLOOMZ', 'GPT-4', 'GPT4', 'Stable Diffusion 2', 'PaLM 2', 'Claude 2', 'Jurrasic-2', 'Inflection-1', 'Titan Text']"
https://thatwastheweek.substack.com/p/openai-makes-a-big-mistake,A SPAC I Acquisition Corp. Rt(ASCAR),. .,(),United States,Shell companies,"['Chatbot', 'Generative AI', 'LLM', 'ChatGPT', 'Llama-2', 'BLOOMZ', 'GPT-4', 'GPT4', 'Stable Diffusion 2', 'PaLM 2', 'Claude 2', 'Jurrasic-2', 'Inflection-1', 'Titan Text']"
https://www.nyse.com/publicdocs/nyse/markets/nyse/NYSE_and_NYSE_MKT_Trading_Units_Daily_File.xls,A SPAC I Acquisition Corp. Rt(ASCAR),Common stock CGTX TXN14-8 N Tape C Capital Group Core Equity ETF CGUS TXXN12-3 N tape B Conductor Global Equity Value ETF CGV TXn4-8 Y,"('Generative AI',)",United States,Shell companies,"['Chatbot', 'Generative AI', 'LLM', 'ChatGPT', 'Llama-2', 'BLOOMZ', 'GPT-4', 'GPT4', 'Stable Diffusion 2', 'PaLM 2', 'Claude 2', 'Jurrasic-2', 'Inflection-1', 'Titan Text']"
https://www.interactivebrokers.com/en/?f=%2Fen%2Ftrading%2FViewShortableStocks.php%3Fcntry%3Dusa%26amp%3Btag%3DUnited%26amp%3Bib_entity%3Dllc%26amp%3Bln%3D%26amp%3Bb%3DPEX%26amp%3Be%3DPIQ,A SPAC I Acquisition Corp. Rt(ASCAR),. .,(),United States,Shell companies,"['Chatbot', 'Generative AI', 'LLM', 'ChatGPT', 'Llama-2', 'BLOOMZ', 'GPT-4', 'GPT4', 'Stable Diffusion 2', 'PaLM 2', 'Claude 2', 'Jurrasic-2', 'Inflection-1', 'Titan Text']"
https://iextrading.com/trading/eligible-symbols/?source=post_page---------------------------,A SPAC I Acquisition Corp. Rt(ASCAR),. .,(),United States,Shell companies,"['Chatbot', 'Generative AI', 'LLM', 'ChatGPT', 'Llama-2', 'BLOOMZ', 'GPT-4', 'GPT4', 'Stable Diffusion 2', 'PaLM 2', 'Claude 2', 'Jurrasic-2', 'Inflection-1', 'Titan Text']"
https://www.linkedin.com/pulse/what-do-spacs-ipos-say-coinbase-robinhood-lemonade-sofi-lex-sokolin,A SPAC I Acquisition Corp. Rt(ASCAR),. .,(),United States,Shell companies,"['Chatbot', 'Generative AI', 'LLM', 'ChatGPT', 'Llama-2', 'BLOOMZ', 'GPT-4', 'GPT4', 'Stable Diffusion 2', 'PaLM 2', 'Claude 2', 'Jurrasic-2', 'Inflection-1', 'Titan Text']"
https://www.nyse.com/publicdocs/nyse/markets/nyse-arca/NYSE_Arca_Auction_Stocks.xls,A SPAC I Acquisition Corp. Wt(ASCAW),Common stock CGON TXN13-3 Y Tape C CoreValues Alpha Greater China Growth ETF CGRO TXXN4-8 y Tape B Capital Group Short Duration Income ETF CGT,"('Generative AI',)",United States,,"['Chatbot', 'Generative AI', 'LLM', 'ChatGPT', 'Llama-2', 'BLOOMZ', 'GPT-4', 'GPT4', 'Stable Diffusion 2', 'PaLM 2', 'Claude 2', 'Jurrasic-2', 'Inflection-1', 'Titan Text']"
https://www.nyse.com/publicdocs/nyse/symbols/ELIGIBLESTOCKS_NYSEAmerican.xls,A SPAC I Acquisition Corp. Wt(ASCAW),Common Stock CGTX TXN5-7 N Tape C Capital Group Core Equity ETF CGUS TXXN3-4 N tape B Conductor Global Equity Value ETF CGV TXn4-8 N Tapé,"('Generative AI',)",United States,,"['Chatbot', 'Generative AI', 'LLM', 'ChatGPT', 'Llama-2', 'BLOOMZ', 'GPT-4', 'GPT4', 'Stable Diffusion 2', 'PaLM 2', 'Claude 2', 'Jurrasic-2', 'Inflection-1', 'Titan Text']"
https://iextrading.com/trading/eligible-symbols/?source=post_page---------------------------,A SPAC I Acquisition Corp. Wt(ASCAW),. .,(),United States,,"['Chatbot', 'Generative AI', 'LLM', 'ChatGPT', 'Llama-2', 'BLOOMZ', 'GPT-4', 'GPT4', 'Stable Diffusion 2', 'PaLM 2', 'Claude 2', 'Jurrasic-2', 'Inflection-1', 'Titan Text']"
https://www.alphavantage.co/query?function=LISTING_STATUS&apikey=demo,A SPAC I Acquisition Corp. Wt(ASCAW),"Contingent Value Rt 12312030,NYSE,Stock,2019-12-02,null,Active CELUW,Celularity Inc - Warrants (16/07/2026),NASDAQ","('Generative AI',)",United States,,"['Chatbot', 'Generative AI', 'LLM', 'ChatGPT', 'Llama-2', 'BLOOMZ', 'GPT-4', 'GPT4', 'Stable Diffusion 2', 'PaLM 2', 'Claude 2', 'Jurrasic-2', 'Inflection-1', 'Titan Text']"
https://www.kibot.com/files/2/allactive.txt,A SPAC I Acquisition Corp. Wt(ASCAW),. .,(),United States,,"['Chatbot', 'Generative AI', 'LLM', 'ChatGPT', 'Llama-2', 'BLOOMZ', 'GPT-4', 'GPT4', 'Stable Diffusion 2', 'PaLM 2', 'Claude 2', 'Jurrasic-2', 'Inflection-1', 'Titan Text']"
http://stockjump.sos.gd/?exchange=US&currency=USD,A SPAC II Acquisition Corp.(ASCB),. .,(),United States,Shell companies,"['Chatbot', 'Generative AI', 'LLM', 'ChatGPT', 'Llama-2', 'BLOOMZ', 'GPT-4', 'GPT4', 'Stable Diffusion 2', 'PaLM 2', 'Claude 2', 'Jurrasic-2', 'Inflection-1', 'Titan Text']"
https://www.nyse.com/publicdocs/nyse/markets/nyse/NYSE_and_NYSE_MKT_Trading_Units_Daily_File.xls,A SPAC II Acquisition Corp. Rt(ASCBR),Common stock CGTX TXN14-8 N Tape C Capital Group Core Equity ETF CGUS TXXN12-3 N tape B Conductor Global Equity Value ETF CGV TXn4-8 Y,"('Generative AI',)",United States,Shell companies,"['Chatbot', 'Generative AI', 'LLM', 'ChatGPT', 'Llama-2', 'BLOOMZ', 'GPT-4', 'GPT4', 'Stable Diffusion 2', 'PaLM 2', 'Claude 2', 'Jurrasic-2', 'Inflection-1', 'Titan Text']"
https://www.alphavantage.co/query?function=LISTING_STATUS&apikey=demo,A SPAC II Acquisition Corp. Rt(ASCBR),"Contingent Value Rt 12312030,NYSE,Stock,2019-12-02,null,Active CELUW,Celularity Inc - Warrants (16/07/2026),NASDAQ","('Generative AI',)",United States,Shell companies,"['Chatbot', 'Generative AI', 'LLM', 'ChatGPT', 'Llama-2', 'BLOOMZ', 'GPT-4', 'GPT4', 'Stable Diffusion 2', 'PaLM 2', 'Claude 2', 'Jurrasic-2', 'Inflection-1', 'Titan Text']"
https://iextrading.com/trading/eligible-symbols/?source=post_page---------------------------,A SPAC II Acquisition Corp. Rt(ASCBR),. .,(),United States,Shell companies,"['Chatbot', 'Generative AI', 'LLM', 'ChatGPT', 'Llama-2', 'BLOOMZ', 'GPT-4', 'GPT4', 'Stable Diffusion 2', 'PaLM 2', 'Claude 2', 'Jurrasic-2', 'Inflection-1', 'Titan Text']"
https://www.kibot.com/files/2/allactive.txt,A SPAC II Acquisition Corp. Rt(ASCBR),. .,(),United States,Shell companies,"['Chatbot', 'Generative AI', 'LLM', 'ChatGPT', 'Llama-2', 'BLOOMZ', 'GPT-4', 'GPT4', 'Stable Diffusion 2', 'PaLM 2', 'Claude 2', 'Jurrasic-2', 'Inflection-1', 'Titan Text']"
https://www.nyse.com/publicdocs/nyse/markets/nyse-arca/NYSE_Arca_Auction_Stocks.xls,A SPAC II Acquisition Corp. Wt(ASCBW),Common stock CGON TXN13-3 Y Tape C CoreValues Alpha Greater China Growth ETF CGRO TXXN4-8 y Tape B Capital Group Short Duration Income ETF CGT,"('Generative AI',)",United States,,"['Chatbot', 'Generative AI', 'LLM', 'ChatGPT', 'Llama-2', 'BLOOMZ', 'GPT-4', 'GPT4', 'Stable Diffusion 2', 'PaLM 2', 'Claude 2', 'Jurrasic-2', 'Inflection-1', 'Titan Text']"
https://www.nyse.com/publicdocs/nyse/symbols/ELIGIBLESTOCKS_NYSEAmerican.xls,A SPAC II Acquisition Corp. Wt(ASCBW),Common Stock CGTX TXN5-7 N Tape C Capital Group Core Equity ETF CGUS TXXN3-4 N tape B Conductor Global Equity Value ETF CGV TXn4-8 N Tapé,"('Generative AI',)",United States,,"['Chatbot', 'Generative AI', 'LLM', 'ChatGPT', 'Llama-2', 'BLOOMZ', 'GPT-4', 'GPT4', 'Stable Diffusion 2', 'PaLM 2', 'Claude 2', 'Jurrasic-2', 'Inflection-1', 'Titan Text']"
https://www.alphavantage.co/query?function=LISTING_STATUS&apikey=demo,A SPAC II Acquisition Corp. Wt(ASCBW),"Contingent Value Rt 12312030,NYSE,Stock,2019-12-02,null,Active CELUW,Celularity Inc - Warrants (16/07/2026),NASDAQ","('Generative AI',)",United States,,"['Chatbot', 'Generative AI', 'LLM', 'ChatGPT', 'Llama-2', 'BLOOMZ', 'GPT-4', 'GPT4', 'Stable Diffusion 2', 'PaLM 2', 'Claude 2', 'Jurrasic-2', 'Inflection-1', 'Titan Text']"
https://iextrading.com/trading/eligible-symbols/?source=post_page---------------------------,A SPAC II Acquisition Corp. Wt(ASCBW),. .,(),United States,,"['Chatbot', 'Generative AI', 'LLM', 'ChatGPT', 'Llama-2', 'BLOOMZ', 'GPT-4', 'GPT4', 'Stable Diffusion 2', 'PaLM 2', 'Claude 2', 'Jurrasic-2', 'Inflection-1', 'Titan Text']"
https://www.kibot.com/files/2/allactive.txt,A SPAC II Acquisition Corp. Wt(ASCBW),. .,(),United States,,"['Chatbot', 'Generative AI', 'LLM', 'ChatGPT', 'Llama-2', 'BLOOMZ', 'GPT-4', 'GPT4', 'Stable Diffusion 2', 'PaLM 2', 'Claude 2', 'Jurrasic-2', 'Inflection-1', 'Titan Text']"
https://www.interactivebrokers.ie/en/index.php?f=40092&cntry=usa&tag=United%20States&ln=&asset=&b=A&e=FM,A.G.F. Management Ltd. Cl B NV(AGFMF),. .,(),United States,Investment Advisors,"['Chatbot', 'Generative AI', 'LLM', 'ChatGPT', 'Llama-2', 'BLOOMZ', 'GPT-4', 'GPT4', 'Stable Diffusion 2', 'PaLM 2', 'Claude 2', 'Jurrasic-2', 'Inflection-1', 'Titan Text']"
https://www.interactivebrokers.ca/en/index.php?f=4587&cntry=usa&tag=United,A.G.F. Management Ltd. Cl B NV(AGFMF),. .,(),United States,Investment Advisors,"['Chatbot', 'Generative AI', 'LLM', 'ChatGPT', 'Llama-2', 'BLOOMZ', 'GPT-4', 'GPT4', 'Stable Diffusion 2', 'PaLM 2', 'Claude 2', 'Jurrasic-2', 'Inflection-1', 'Titan Text']"
https://ibkr.interactiveadvisors.com/en/index.php?f=4587&cntry=usa&tag=United%20States&ib_entity=llc&ln=&asset=?cntry=regSHO&tag=Reg%20SHO&ib_entity=llc&ln=,A.G.F. Management Ltd. Cl B NV(AGFMF),. .,(),United States,Investment Advisors,"['Chatbot', 'Generative AI', 'LLM', 'ChatGPT', 'Llama-2', 'BLOOMZ', 'GPT-4', 'GPT4', 'Stable Diffusion 2', 'PaLM 2', 'Claude 2', 'Jurrasic-2', 'Inflection-1', 'Titan Text']"
https://www.clientam.com.hk/en/index.php?f=4587&cntry=usa&tag=United%20States&ib_entity=llc&ln=&asset=,A.G.F. Management Ltd. Cl B NV(AGFMF),. .,(),United States,Investment Advisors,"['Chatbot', 'Generative AI', 'LLM', 'ChatGPT', 'Llama-2', 'BLOOMZ', 'GPT-4', 'GPT4', 'Stable Diffusion 2', 'PaLM 2', 'Claude 2', 'Jurrasic-2', 'Inflection-1', 'Titan Text']"
https://63.86.206.45/en/index.php?f=4587&cntry=usa&tag=United%20States&ib_entity=llc&ln=&asset=,A.G.F. Management Ltd. Cl B NV(AGFMF),. .,(),United States,Investment Advisors,"['Chatbot', 'Generative AI', 'LLM', 'ChatGPT', 'Llama-2', 'BLOOMZ', 'GPT-4', 'GPT4', 'Stable Diffusion 2', 'PaLM 2', 'Claude 2', 'Jurrasic-2', 'Inflection-1', 'Titan Text']"
https://www.theglobeandmail.com/investing/markets/stocks/AIS-X/pressreleases/4443324/,A.I.S. Resources Ltd.(AISSF),. .,(),United States,General Mining,"['Chatbot', 'Generative AI', 'LLM', 'ChatGPT', 'Llama-2', 'BLOOMZ', 'GPT-4', 'GPT4', 'Stable Diffusion 2', 'PaLM 2', 'Claude 2', 'Jurrasic-2', 'Inflection-1', 'Titan Text']"
https://www.theglobeandmail.com/investing/markets/stocks/AISSF/pressreleases/18979147/ais-declines-to-exercise-an-option-on-the-yareta-xiii-salar-in-argentina/,A.I.S. Resources Ltd.(AISSF),. .,(),United States,General Mining,"['Chatbot', 'Generative AI', 'LLM', 'ChatGPT', 'Llama-2', 'BLOOMZ', 'GPT-4', 'GPT4', 'Stable Diffusion 2', 'PaLM 2', 'Claude 2', 'Jurrasic-2', 'Inflection-1', 'Titan Text']"
https://investingnews.com/daily/resource-investing/battery-metals-investing/lithium-investing/a.i.s.resources-extends-warrants/,A.I.S. Resources Ltd.(AISSF),. .,(),United States,General Mining,"['Chatbot', 'Generative AI', 'LLM', 'ChatGPT', 'Llama-2', 'BLOOMZ', 'GPT-4', 'GPT4', 'Stable Diffusion 2', 'PaLM 2', 'Claude 2', 'Jurrasic-2', 'Inflection-1', 'Titan Text']"
https://investingnews.com/daily/resource-investing/battery-metals-investing/manganese-investing/a-i-s-resources-closes-financing-2/,A.I.S. Resources Ltd.(AISSF),. .,(),United States,General Mining,"['Chatbot', 'Generative AI', 'LLM', 'ChatGPT', 'Llama-2', 'BLOOMZ', 'GPT-4', 'GPT4', 'Stable Diffusion 2', 'PaLM 2', 'Claude 2', 'Jurrasic-2', 'Inflection-1', 'Titan Text']"
https://www.einnews.com/pr_news/475922790/a-i-s-resources-guayatayoc-mina-lithium-project-north-argentina-completes-first-drill-hole-at-400m-ugamp-meeting-for-guayatayoc-iii-set-for-28,A.I.S. Resources Ltd.(AISSF),. .,(),United States,General Mining,"['Chatbot', 'Generative AI', 'LLM', 'ChatGPT', 'Llama-2', 'BLOOMZ', 'GPT-4', 'GPT4', 'Stable Diffusion 2', 'PaLM 2', 'Claude 2', 'Jurrasic-2', 'Inflection-1', 'Titan Text']"
https://www.barchart.com/story/news/16787362/aka-brands-aka-reports-q1-loss-tops-revenue-estimates,a.k.a. Brands Holding Corp.(AKA),. .,(),United States,Clothing Retail,"['Chatbot', 'Generative AI', 'LLM', 'ChatGPT', 'Llama-2', 'BLOOMZ', 'GPT-4', 'GPT4', 'Stable Diffusion 2', 'PaLM 2', 'Claude 2', 'Jurrasic-2', 'Inflection-1', 'Titan Text']"
https://www.intelligentinvestor.com.au/investment-tools/shares?Size=500&ExchangeID=NYSE&page=9,a.k.a. Brands Holding Corp.(AKA),. .,(),United States,Clothing Retail,"['Chatbot', 'Generative AI', 'LLM', 'ChatGPT', 'Llama-2', 'BLOOMZ', 'GPT-4', 'GPT4', 'Stable Diffusion 2', 'PaLM 2', 'Claude 2', 'Jurrasic-2', 'Inflection-1', 'Titan Text']"
https://www.nyse.com/publicdocs/nyse/markets/nyse-arca/NYSE_Arca_Auction_Stocks.xls,a.k.a. Brands Holding Corp.(AKA),Common stock CGON TXN13-3 Y Tape C CoreValues Alpha Greater China Growth ETF CGRO TXXN4-8 y Tape B Capital Group Short Duration Income ETF CGT,"('Generative AI',)",United States,Clothing Retail,"['Chatbot', 'Generative AI', 'LLM', 'ChatGPT', 'Llama-2', 'BLOOMZ', 'GPT-4', 'GPT4', 'Stable Diffusion 2', 'PaLM 2', 'Claude 2', 'Jurrasic-2', 'Inflection-1', 'Titan Text']"
https://marketxls.com/stocks/M,a.k.a. Brands Holding Corp.(AKA),. .,(),United States,Clothing Retail,"['Chatbot', 'Generative AI', 'LLM', 'ChatGPT', 'Llama-2', 'BLOOMZ', 'GPT-4', 'GPT4', 'Stable Diffusion 2', 'PaLM 2', 'Claude 2', 'Jurrasic-2', 'Inflection-1', 'Titan Text']"
https://www.nyse.com/publicdocs/nyse/markets/nyse/NYSE_and_NYSE_MKT_Trading_Units_Daily_File.xls,a.k.a. Brands Holding Corp.(AKA),Common stock CGTX TXN14-8 N Tape C Capital Group Core Equity ETF CGUS TXXN12-3 N tape B Conductor Global Equity Value ETF CGV TXn4-8 Y,"('Generative AI',)",United States,Clothing Retail,"['Chatbot', 'Generative AI', 'LLM', 'ChatGPT', 'Llama-2', 'BLOOMZ', 'GPT-4', 'GPT4', 'Stable Diffusion 2', 'PaLM 2', 'Claude 2', 'Jurrasic-2', 'Inflection-1', 'Titan Text']"
https://dl.acm.org/doi/10.1145/3501305,A.O. Smith Corp.(AOS),. .,(),United States,Building Materials/Products,"['Chatbot', 'Generative AI', 'LLM', 'ChatGPT', 'Llama-2', 'BLOOMZ', 'GPT-4', 'GPT4', 'Stable Diffusion 2', 'PaLM 2', 'Claude 2', 'Jurrasic-2', 'Inflection-1', 'Titan Text']"
https://malaysia.news.yahoo.com/foster-wheelers-global-power-group-164002129.html,A.O. Smith Corp.(AOS),. .,(),United States,Building Materials/Products,"['Chatbot', 'Generative AI', 'LLM', 'ChatGPT', 'Llama-2', 'BLOOMZ', 'GPT-4', 'GPT4', 'Stable Diffusion 2', 'PaLM 2', 'Claude 2', 'Jurrasic-2', 'Inflection-1', 'Titan Text']"
https://www.theglobeandmail.com/investing/markets/stocks/JCI/pressreleases/23699631/markets-today-stocks-slip-ahead-of-big-tech-earnings-and-fomc-meeting/,A.O. Smith Corp.(AOS),. .,(),United States,Building Materials/Products,"['Chatbot', 'Generative AI', 'LLM', 'ChatGPT', 'Llama-2', 'BLOOMZ', 'GPT-4', 'GPT4', 'Stable Diffusion 2', 'PaLM 2', 'Claude 2', 'Jurrasic-2', 'Inflection-1', 'Titan Text']"
https://malaysia.news.yahoo.com/layne-christensen-posts-loss-q1-120013132.html,A.O. Smith Corp.(AOS),. .,(),United States,Building Materials/Products,"['Chatbot', 'Generative AI', 'LLM', 'ChatGPT', 'Llama-2', 'BLOOMZ', 'GPT-4', 'GPT4', 'Stable Diffusion 2', 'PaLM 2', 'Claude 2', 'Jurrasic-2', 'Inflection-1', 'Titan Text']"
https://sholink1.life/what-is-american-depository-receipt,A.P. Moeller-Maersk A/S ADR(AMKBY),. .,(),United States,Water Transport/Shipping,"['Chatbot', 'Generative AI', 'LLM', 'ChatGPT', 'Llama-2', 'BLOOMZ', 'GPT-4', 'GPT4', 'Stable Diffusion 2', 'PaLM 2', 'Claude 2', 'Jurrasic-2', 'Inflection-1', 'Titan Text']"
https://simplywall.st/stocks/dk/transportation/cph-maersk-b/ap-mller-maersk-shares/news/is-it-too-late-to-consider-buying-ap-mller-mrsk-as-cphmaersk-1,A.P. Moeller-Maersk A/S Series A(AMKAF),. .,(),United States,Water Transport/Shipping,"['Chatbot', 'Generative AI', 'LLM', 'ChatGPT', 'Llama-2', 'BLOOMZ', 'GPT-4', 'GPT4', 'Stable Diffusion 2', 'PaLM 2', 'Claude 2', 'Jurrasic-2', 'Inflection-1', 'Titan Text']"
https://www.prorealtime.com/en/financial-instruments/nasdaq-stocks-otcbb,A.P. Moeller-Maersk A/S Series A(AMKAF),. .,(),United States,Water Transport/Shipping,"['Chatbot', 'Generative AI', 'LLM', 'ChatGPT', 'Llama-2', 'BLOOMZ', 'GPT-4', 'GPT4', 'Stable Diffusion 2', 'PaLM 2', 'Claude 2', 'Jurrasic-2', 'Inflection-1', 'Titan Text']"
https://passiveincometracker.com/supported-stock-ticker-symbols,A.P. Moeller-Maersk A/S Series A(AMKAF),. .,(),United States,Water Transport/Shipping,"['Chatbot', 'Generative AI', 'LLM', 'ChatGPT', 'Llama-2', 'BLOOMZ', 'GPT-4', 'GPT4', 'Stable Diffusion 2', 'PaLM 2', 'Claude 2', 'Jurrasic-2', 'Inflection-1', 'Titan Text']"
http://stockjump.sos.gd/?exchange=US&currency=USD,A.P. Moeller-Maersk A/S Series A(AMKAF),. .,(),United States,Water Transport/Shipping,"['Chatbot', 'Generative AI', 'LLM', 'ChatGPT', 'Llama-2', 'BLOOMZ', 'GPT-4', 'GPT4', 'Stable Diffusion 2', 'PaLM 2', 'Claude 2', 'Jurrasic-2', 'Inflection-1', 'Titan Text']"
https://financial.macrosweb.org/simulation-stock-form,A.P. Moeller-Maersk A/S Series A(AMKAF),Aggregate Bond Fund(AGZD)Aegean Airlines Limited(AHAHF)Anhui Conch Cement Co Ltd(AHCHY)Adapthealth Corp(AHCO)HIGH-YIELD F,"('Generative AI',)",United States,Water Transport/Shipping,"['Chatbot', 'Generative AI', 'LLM', 'ChatGPT', 'Llama-2', 'BLOOMZ', 'GPT-4', 'GPT4', 'Stable Diffusion 2', 'PaLM 2', 'Claude 2', 'Jurrasic-2', 'Inflection-1', 'Titan Text']"
https://www.prorealtime.com/en/financial-instruments/nasdaq-stocks-otcbb,A.P. Moeller-Maersk A/S Series B(AMKBF),. .,(),United States,Water Transport/Shipping,"['Chatbot', 'Generative AI', 'LLM', 'ChatGPT', 'Llama-2', 'BLOOMZ', 'GPT-4', 'GPT4', 'Stable Diffusion 2', 'PaLM 2', 'Claude 2', 'Jurrasic-2', 'Inflection-1', 'Titan Text']"
https://passiveincometracker.com/supported-stock-ticker-symbols,A.P. Moeller-Maersk A/S Series B(AMKBF),. .,(),United States,Water Transport/Shipping,"['Chatbot', 'Generative AI', 'LLM', 'ChatGPT', 'Llama-2', 'BLOOMZ', 'GPT-4', 'GPT4', 'Stable Diffusion 2', 'PaLM 2', 'Claude 2', 'Jurrasic-2', 'Inflection-1', 'Titan Text']"
http://stockjump.sos.gd/?exchange=US&currency=USD,A.P. Moeller-Maersk A/S Series B(AMKBF),. .,(),United States,Water Transport/Shipping,"['Chatbot', 'Generative AI', 'LLM', 'ChatGPT', 'Llama-2', 'BLOOMZ', 'GPT-4', 'GPT4', 'Stable Diffusion 2', 'PaLM 2', 'Claude 2', 'Jurrasic-2', 'Inflection-1', 'Titan Text']"
http://stockjump.sos.gd/?exchange=US&currency=USD,A-1 Group Inc.(AWON),. .,(),United States,Tobacco,"['Chatbot', 'Generative AI', 'LLM', 'ChatGPT', 'Llama-2', 'BLOOMZ', 'GPT-4', 'GPT4', 'Stable Diffusion 2', 'PaLM 2', 'Claude 2', 'Jurrasic-2', 'Inflection-1', 'Titan Text']"
https://finance.yahoo.com/news/a10-networks-aten-boost-jscs-121500274.html,A10 Networks Inc.(ATEN),. .,(),United States,Networking,"['Chatbot', 'Generative AI', 'LLM', 'ChatGPT', 'Llama-2', 'BLOOMZ', 'GPT-4', 'GPT4', 'Stable Diffusion 2', 'PaLM 2', 'Claude 2', 'Jurrasic-2', 'Inflection-1', 'Titan Text']"
https://uk.sports.yahoo.com/news/a10-networks-aten-boost-jscs-121500274.html,A10 Networks Inc.(ATEN),The stock has gained 169.3% over the past year. This article has been written with the assistance of Generative AI.,"('Generative AI',)",United States,Networking,"['Chatbot', 'Generative AI', 'LLM', 'ChatGPT', 'Llama-2', 'BLOOMZ', 'GPT-4', 'GPT4', 'Stable Diffusion 2', 'PaLM 2', 'Claude 2', 'Jurrasic-2', 'Inflection-1', 'Titan Text']"
https://seekingalpha.com/article/4470473-a10-networks-stock-shift-in-product-mix-well-under-way-yielding-results,A10 Networks Inc.(ATEN),. .,(),United States,Networking,"['Chatbot', 'Generative AI', 'LLM', 'ChatGPT', 'Llama-2', 'BLOOMZ', 'GPT-4', 'GPT4', 'Stable Diffusion 2', 'PaLM 2', 'Claude 2', 'Jurrasic-2', 'Inflection-1', 'Titan Text']"
https://www.a10networks.com/solutions/,A10 Networks Inc.(ATEN),. .,(),United States,Networking,"['Chatbot', 'Generative AI', 'LLM', 'ChatGPT', 'Llama-2', 'BLOOMZ', 'GPT-4', 'GPT4', 'Stable Diffusion 2', 'PaLM 2', 'Claude 2', 'Jurrasic-2', 'Inflection-1', 'Titan Text']"
https://www.a10networks.com/solutions/advanced-core-operating-system/,A10 Networks Inc.(ATEN),. .,(),United States,Networking,"['Chatbot', 'Generative AI', 'LLM', 'ChatGPT', 'Llama-2', 'BLOOMZ', 'GPT-4', 'GPT4', 'Stable Diffusion 2', 'PaLM 2', 'Claude 2', 'Jurrasic-2', 'Inflection-1', 'Titan Text']"
https://www.prorealtime.com/en/financial-instruments/nasdaq-stocks-otcbb,a2 Milk Co. Ltd.(ACOPF),. .,(),United States,Food Products,"['Chatbot', 'Generative AI', 'LLM', 'ChatGPT', 'Llama-2', 'BLOOMZ', 'GPT-4', 'GPT4', 'Stable Diffusion 2', 'PaLM 2', 'Claude 2', 'Jurrasic-2', 'Inflection-1', 'Titan Text']"
http://stockjump.sos.gd/?exchange=US&currency=USD,a2 Milk Co. Ltd.(ACOPF),. .,(),United States,Food Products,"['Chatbot', 'Generative AI', 'LLM', 'ChatGPT', 'Llama-2', 'BLOOMZ', 'GPT-4', 'GPT4', 'Stable Diffusion 2', 'PaLM 2', 'Claude 2', 'Jurrasic-2', 'Inflection-1', 'Titan Text']"
https://www.sec.gov/Archives/edgar/data/1516523/000119312520309621/d61479dncsr.htm,a2 Milk Co. Ltd. ADR(ACOPY),. .,(),United States,Food Products,"['Chatbot', 'Generative AI', 'LLM', 'ChatGPT', 'Llama-2', 'BLOOMZ', 'GPT-4', 'GPT4', 'Stable Diffusion 2', 'PaLM 2', 'Claude 2', 'Jurrasic-2', 'Inflection-1', 'Titan Text']"
https://www.interactivebrokers.ie/en/index.php?f=40092&cntry=usa&tag=United%20States&ln=&asset=&b=A&e=FM,a2 Milk Co. Ltd. ADR(ACOPY),. .,(),United States,Food Products,"['Chatbot', 'Generative AI', 'LLM', 'ChatGPT', 'Llama-2', 'BLOOMZ', 'GPT-4', 'GPT4', 'Stable Diffusion 2', 'PaLM 2', 'Claude 2', 'Jurrasic-2', 'Inflection-1', 'Titan Text']"
https://www.interactivebrokers.com.hk/en/index.php?f=4587&cntry=usa&tag=United%20States&ln=&asset=&b=A&e=FLF,a2 Milk Co. Ltd. ADR(ACOPY),. .,(),United States,Food Products,"['Chatbot', 'Generative AI', 'LLM', 'ChatGPT', 'Llama-2', 'BLOOMZ', 'GPT-4', 'GPT4', 'Stable Diffusion 2', 'PaLM 2', 'Claude 2', 'Jurrasic-2', 'Inflection-1', 'Titan Text']"
https://ibkr.interactiveadvisors.com/en/index.php?f=4587&cntry=usa&tag=United%20States&ln=&asset=&b=A&e=FMB,a2 Milk Co. Ltd. ADR(ACOPY),. .,(),United States,Food Products,"['Chatbot', 'Generative AI', 'LLM', 'ChatGPT', 'Llama-2', 'BLOOMZ', 'GPT-4', 'GPT4', 'Stable Diffusion 2', 'PaLM 2', 'Claude 2', 'Jurrasic-2', 'Inflection-1', 'Titan Text']"
https://investingnews.com/otc-markets-group-announces-quarterly-index-performance-and-rebalancing-2657219551/,A2Z Smart Technologies Corp.(AZ),. .,(),United States,Defense Equipment/Products,"['Chatbot', 'Generative AI', 'LLM', 'ChatGPT', 'Llama-2', 'BLOOMZ', 'GPT-4', 'GPT4', 'Stable Diffusion 2', 'PaLM 2', 'Claude 2', 'Jurrasic-2', 'Inflection-1', 'Titan Text']"
https://www.stockseer.ca/indicators/hma.php?symbol=RITA,A2Z Smart Technologies Corp.(AZ),CANN)CANEX Metals Inc (CANX.TRV)DoubleLine Shiller CAPE U.S. Equities ETF (CAPE)Capitan Mining Inc (CAOS)Carrier Global Corp,"('Generative AI',)",United States,Defense Equipment/Products,"['Chatbot', 'Generative AI', 'LLM', 'ChatGPT', 'Llama-2', 'BLOOMZ', 'GPT-4', 'GPT4', 'Stable Diffusion 2', 'PaLM 2', 'Claude 2', 'Jurrasic-2', 'Inflection-1', 'Titan Text']"
https://www.stockseer.ca/indicators/hma.php?symbol=TQQQ,A2Z Smart Technologies Corp.(AZ),CANN)CANEX Metals Inc (CANX.TRV)DoubleLine Shiller CAPE U.S. Equities ETF (CAPE)Capitan Mining Inc (CAOS)Carrier Global Corp,"('Generative AI',)",United States,Defense Equipment/Products,"['Chatbot', 'Generative AI', 'LLM', 'ChatGPT', 'Llama-2', 'BLOOMZ', 'GPT-4', 'GPT4', 'Stable Diffusion 2', 'PaLM 2', 'Claude 2', 'Jurrasic-2', 'Inflection-1', 'Titan Text']"
http://stockjump.sos.gd/?exchange=US&currency=USD,A2Z Smart Technologies Corp.(AZ),. .,(),United States,Defense Equipment/Products,"['Chatbot', 'Generative AI', 'LLM', 'ChatGPT', 'Llama-2', 'BLOOMZ', 'GPT-4', 'GPT4', 'Stable Diffusion 2', 'PaLM 2', 'Claude 2', 'Jurrasic-2', 'Inflection-1', 'Titan Text']"
https://financial.macrosweb.org/simulation-stock-form,A2Z Smart Technologies Corp.(AZ),Aggregate Bond Fund(AGZD)Aegean Airlines Limited(AHAHF)Anhui Conch Cement Co Ltd(AHCHY)Adapthealth Corp(AHCO)HIGH-YIELD F,"('Generative AI',)",United States,Defense Equipment/Products,"['Chatbot', 'Generative AI', 'LLM', 'ChatGPT', 'Llama-2', 'BLOOMZ', 'GPT-4', 'GPT4', 'Stable Diffusion 2', 'PaLM 2', 'Claude 2', 'Jurrasic-2', 'Inflection-1', 'Titan Text']"
http://stockjump.sos.gd/?exchange=US&currency=USD,AAC Clyde Space AB(ACCMF),. .,(),United States,Aerospace Products/Parts,"['Chatbot', 'Generative AI', 'LLM', 'ChatGPT', 'Llama-2', 'BLOOMZ', 'GPT-4', 'GPT4', 'Stable Diffusion 2', 'PaLM 2', 'Claude 2', 'Jurrasic-2', 'Inflection-1', 'Titan Text']"
https://financial.macrosweb.org/simulation-stock-form,AAC Clyde Space AB(ACCMF),Aggregate Bond Fund(AGZD)Aegean Airlines Limited(AHAHF)Anhui Conch Cement Co Ltd(AHCHY)Adapthealth Corp(AHCO)HIGH-YIELD F,"('Generative AI',)",United States,Aerospace Products/Parts,"['Chatbot', 'Generative AI', 'LLM', 'ChatGPT', 'Llama-2', 'BLOOMZ', 'GPT-4', 'GPT4', 'Stable Diffusion 2', 'PaLM 2', 'Claude 2', 'Jurrasic-2', 'Inflection-1', 'Titan Text']"
https://passiveincometracker.com/supported-stock-ticker-symbols,AAC Technologies Holdings Inc.(AACAF),. .,(),United States,Industrial Electronics,"['Chatbot', 'Generative AI', 'LLM', 'ChatGPT', 'Llama-2', 'BLOOMZ', 'GPT-4', 'GPT4', 'Stable Diffusion 2', 'PaLM 2', 'Claude 2', 'Jurrasic-2', 'Inflection-1', 'Titan Text']"
https://emergingmarketskeptic.substack.com/p/cmbi-china-hong-kong-equity-research-august-2023,AAC Technologies Holdings Inc.(AACAF),. .,(),United States,Industrial Electronics,"['Chatbot', 'Generative AI', 'LLM', 'ChatGPT', 'Llama-2', 'BLOOMZ', 'GPT-4', 'GPT4', 'Stable Diffusion 2', 'PaLM 2', 'Claude 2', 'Jurrasic-2', 'Inflection-1', 'Titan Text']"
https://www.prorealtime.com/en/financial-instruments/nasdaq-stocks-otcbb,AAC Technologies Holdings Inc.(AACAF),. .,(),United States,Industrial Electronics,"['Chatbot', 'Generative AI', 'LLM', 'ChatGPT', 'Llama-2', 'BLOOMZ', 'GPT-4', 'GPT4', 'Stable Diffusion 2', 'PaLM 2', 'Claude 2', 'Jurrasic-2', 'Inflection-1', 'Titan Text']"
https://www.gf-accord.biz/DataForSpecialists.html,AAC Technologies Holdings Inc.(AACAF),deep learning mith chintala teaches you how to deploy deep learning models with pytorchbuild a chatbot . ibm's revenue fell 2% year overlearn about i,"('Chatbot',)",United States,Industrial Electronics,"['Chatbot', 'Generative AI', 'LLM', 'ChatGPT', 'Llama-2', 'BLOOMZ', 'GPT-4', 'GPT4', 'Stable Diffusion 2', 'PaLM 2', 'Claude 2', 'Jurrasic-2', 'Inflection-1', 'Titan Text']"
http://stockjump.sos.gd/?exchange=US&currency=USD,AAC Technologies Holdings Inc.(AACAF),. .,(),United States,Industrial Electronics,"['Chatbot', 'Generative AI', 'LLM', 'ChatGPT', 'Llama-2', 'BLOOMZ', 'GPT-4', 'GPT4', 'Stable Diffusion 2', 'PaLM 2', 'Claude 2', 'Jurrasic-2', 'Inflection-1', 'Titan Text']"
https://sholink1.life/what-is-american-depository-receipt,AAC Technologies Holdings Inc. ADR(AACAY),. .,(),United States,Industrial Electronics,"['Chatbot', 'Generative AI', 'LLM', 'ChatGPT', 'Llama-2', 'BLOOMZ', 'GPT-4', 'GPT4', 'Stable Diffusion 2', 'PaLM 2', 'Claude 2', 'Jurrasic-2', 'Inflection-1', 'Titan Text']"
https://www.theglobeandmail.com/investing/markets/indices/TTIN/pressreleases/22751183/sp-futures-climb-on-fed-rate-cut-optimism-us-pmi-data-in-focus/,Aadi Bioscience Inc.(AADI),. .,(),United States,Biotechnology,"['Chatbot', 'Generative AI', 'LLM', 'ChatGPT', 'Llama-2', 'BLOOMZ', 'GPT-4', 'GPT4', 'Stable Diffusion 2', 'PaLM 2', 'Claude 2', 'Jurrasic-2', 'Inflection-1', 'Titan Text']"
https://www.theglobeandmail.com/investing/markets/indices/TXSI/pressreleases/22751183/sp-futures-climb-as-fed-rate-cut-optimism-continues-us-pmi-data-in-focus/,Aadi Bioscience Inc.(AADI),. .,(),United States,Biotechnology,"['Chatbot', 'Generative AI', 'LLM', 'ChatGPT', 'Llama-2', 'BLOOMZ', 'GPT-4', 'GPT4', 'Stable Diffusion 2', 'PaLM 2', 'Claude 2', 'Jurrasic-2', 'Inflection-1', 'Titan Text']"
http://stockjump.sos.gd/?exchange=US&currency=USD,Aadi Bioscience Inc.(AADI),. .,(),United States,Biotechnology,"['Chatbot', 'Generative AI', 'LLM', 'ChatGPT', 'Llama-2', 'BLOOMZ', 'GPT-4', 'GPT4', 'Stable Diffusion 2', 'PaLM 2', 'Claude 2', 'Jurrasic-2', 'Inflection-1', 'Titan Text']"
https://seekingalpha.com/market-outlook/global-investing/analysis/Cayman?page=330,Aalberts Industries N.V.(AALBF),. .,(),United States,Industrial Products,"['Chatbot', 'Generative AI', 'LLM', 'ChatGPT', 'Llama-2', 'BLOOMZ', 'GPT-4', 'GPT4', 'Stable Diffusion 2', 'PaLM 2', 'Claude 2', 'Jurrasic-2', 'Inflection-1', 'Titan Text']"
https://www.stockseer.ca/indicators/hma.php?symbol=BCC,Aalberts Industries N.V.(AALBF),CANN)CANEX Metals Inc (CANX.TRV)DoubleLine Shiller CAPE U.S. Equities ETF (CAPE)Capitan Mining Inc (CAOS)Carrier Global Corp,"('Generative AI',)",United States,Industrial Products,"['Chatbot', 'Generative AI', 'LLM', 'ChatGPT', 'Llama-2', 'BLOOMZ', 'GPT-4', 'GPT4', 'Stable Diffusion 2', 'PaLM 2', 'Claude 2', 'Jurrasic-2', 'Inflection-1', 'Titan Text']"
https://www.stockseer.ca/indicators/hma.php?symbol=URA,Aalberts Industries N.V.(AALBF),CANN)CANEX Metals Inc (CANX.TRV)DoubleLine Shiller CAPE U.S. Equities ETF (CAPE)Capitan Mining Inc (CAOS)Carrier Global Corp,"('Generative AI',)",United States,Industrial Products,"['Chatbot', 'Generative AI', 'LLM', 'ChatGPT', 'Llama-2', 'BLOOMZ', 'GPT-4', 'GPT4', 'Stable Diffusion 2', 'PaLM 2', 'Claude 2', 'Jurrasic-2', 'Inflection-1', 'Titan Text']"
https://passiveincometracker.com/supported-stock-ticker-symbols,Aalberts Industries N.V.(AALBF),. .,(),United States,Industrial Products,"['Chatbot', 'Generative AI', 'LLM', 'ChatGPT', 'Llama-2', 'BLOOMZ', 'GPT-4', 'GPT4', 'Stable Diffusion 2', 'PaLM 2', 'Claude 2', 'Jurrasic-2', 'Inflection-1', 'Titan Text']"
http://stockjump.sos.gd/?exchange=US&currency=USD,Aalberts Industries N.V.(AALBF),. .,(),United States,Industrial Products,"['Chatbot', 'Generative AI', 'LLM', 'ChatGPT', 'Llama-2', 'BLOOMZ', 'GPT-4', 'GPT4', 'Stable Diffusion 2', 'PaLM 2', 'Claude 2', 'Jurrasic-2', 'Inflection-1', 'Titan Text']"
https://www.investing.com/analysis/aaon-enters-oversold-territory-200515811,AAON Inc.(AAON),. .,(),United States,Building Materials/Products,"['Chatbot', 'Generative AI', 'LLM', 'ChatGPT', 'Llama-2', 'BLOOMZ', 'GPT-4', 'GPT4', 'Stable Diffusion 2', 'PaLM 2', 'Claude 2', 'Jurrasic-2', 'Inflection-1', 'Titan Text']"
https://seekingalpha.com/article/4666188-baron-discovery-fund-q4-2023-quarterly-letter,AAON Inc.(AAON),. .,(),United States,Building Materials/Products,"['Chatbot', 'Generative AI', 'LLM', 'ChatGPT', 'Llama-2', 'BLOOMZ', 'GPT-4', 'GPT4', 'Stable Diffusion 2', 'PaLM 2', 'Claude 2', 'Jurrasic-2', 'Inflection-1', 'Titan Text']"
https://www.theglobeandmail.com/investing/markets/stocks/ANIK/pressreleases/3722705/sidoti-company-virtual-investor-conference/,AAON Inc.(AAON),. .,(),United States,Building Materials/Products,"['Chatbot', 'Generative AI', 'LLM', 'ChatGPT', 'Llama-2', 'BLOOMZ', 'GPT-4', 'GPT4', 'Stable Diffusion 2', 'PaLM 2', 'Claude 2', 'Jurrasic-2', 'Inflection-1', 'Titan Text']"
https://malaysia.news.yahoo.com/5-construction-stocks-sail-choppy-140402629.html,AAON Inc.(AAON),. .,(),United States,Building Materials/Products,"['Chatbot', 'Generative AI', 'LLM', 'ChatGPT', 'Llama-2', 'BLOOMZ', 'GPT-4', 'GPT4', 'Stable Diffusion 2', 'PaLM 2', 'Claude 2', 'Jurrasic-2', 'Inflection-1', 'Titan Text']"
https://www.theglobeandmail.com/investing/markets/stocks/MEI/pressreleases/15226816/sidotis-small-cap-virtual-march-conference/,AAON Inc.(AAON),. .,(),United States,Building Materials/Products,"['Chatbot', 'Generative AI', 'LLM', 'ChatGPT', 'Llama-2', 'BLOOMZ', 'GPT-4', 'GPT4', 'Stable Diffusion 2', 'PaLM 2', 'Claude 2', 'Jurrasic-2', 'Inflection-1', 'Titan Text']"
https://www.prorealtime.com/en/financial-instruments/nasdaq-stocks-otcbb,AAP Inc.(AAPJ),. .,(),United States,Food Products,"['Chatbot', 'Generative AI', 'LLM', 'ChatGPT', 'Llama-2', 'BLOOMZ', 'GPT-4', 'GPT4', 'Stable Diffusion 2', 'PaLM 2', 'Claude 2', 'Jurrasic-2', 'Inflection-1', 'Titan Text']"
http://stockjump.sos.gd/?exchange=US&currency=USD,AAP Inc.(AAPJ),. .,(),United States,Food Products,"['Chatbot', 'Generative AI', 'LLM', 'ChatGPT', 'Llama-2', 'BLOOMZ', 'GPT-4', 'GPT4', 'Stable Diffusion 2', 'PaLM 2', 'Claude 2', 'Jurrasic-2', 'Inflection-1', 'Titan Text']"
https://lenabernhardt.de/lvgi-ihub.html,AAP Inc.(AAPJ),. .,(),United States,Food Products,"['Chatbot', 'Generative AI', 'LLM', 'ChatGPT', 'Llama-2', 'BLOOMZ', 'GPT-4', 'GPT4', 'Stable Diffusion 2', 'PaLM 2', 'Claude 2', 'Jurrasic-2', 'Inflection-1', 'Titan Text']"
https://stocknews.com/news/njdcy-zm-clbt-air-3-tech-stocks-poised-to-create-future-gains/,AAR Corp.(AIR),"the Consumer Technology Association predicts a 2.8% year-over-year rise in U.S. consumer technology industry revenues to, with increased spending on audio and video streaming, gaming hardware, and over 230 million smartphones and PCs ","('Generative AI',)",United States,Aerospace Products/Parts,"['Chatbot', 'Generative AI', 'LLM', 'ChatGPT', 'Llama-2', 'BLOOMZ', 'GPT-4', 'GPT4', 'Stable Diffusion 2', 'PaLM 2', 'Claude 2', 'Jurrasic-2', 'Inflection-1', 'Titan Text']"
https://malaysia.news.yahoo.com/value-investors-buy-aar-air-134012398.html,AAR Corp.(AIR),. .,(),United States,Aerospace Products/Parts,"['Chatbot', 'Generative AI', 'LLM', 'ChatGPT', 'Llama-2', 'BLOOMZ', 'GPT-4', 'GPT4', 'Stable Diffusion 2', 'PaLM 2', 'Claude 2', 'Jurrasic-2', 'Inflection-1', 'Titan Text']"
https://www.msn.com/en-ph/money/stockdetails/fi-a1n6z2?ocid=ientp%2Cientp,AAR Corp.(AIR),. .,(),United States,Aerospace Products/Parts,"['Chatbot', 'Generative AI', 'LLM', 'ChatGPT', 'Llama-2', 'BLOOMZ', 'GPT-4', 'GPT4', 'Stable Diffusion 2', 'PaLM 2', 'Claude 2', 'Jurrasic-2', 'Inflection-1', 'Titan Text']"
https://www.linkedin.com/pulse/latest-stocks-news-mlearningintelligence-kgl3c?trk=article-ssr-frontend-pulse_more-articles_related-content-card,AAR Corp.(AIR),"Micron anticipates continued improvement in pricing dynamics for DRAM and NAND . Q4 marked a record quarter for Creative Cloud, generating $3 billion in revenue .","('Generative AI',)",United States,Aerospace Products/Parts,"['Chatbot', 'Generative AI', 'LLM', 'ChatGPT', 'Llama-2', 'BLOOMZ', 'GPT-4', 'GPT4', 'Stable Diffusion 2', 'PaLM 2', 'Claude 2', 'Jurrasic-2', 'Inflection-1', 'Titan Text']"
https://www.msn.com/en-ph/money/stockdetails/fi-a1n6z2?ocid=msedgdhp,AAR Corp.(AIR),. .,(),United States,Aerospace Products/Parts,"['Chatbot', 'Generative AI', 'LLM', 'ChatGPT', 'Llama-2', 'BLOOMZ', 'GPT-4', 'GPT4', 'Stable Diffusion 2', 'PaLM 2', 'Claude 2', 'Jurrasic-2', 'Inflection-1', 'Titan Text']"
http://stockjump.sos.gd/?exchange=US&currency=USD,Aardvark Ventures Inc.(ROCAF),. .,(),United States,General Mining,"['Chatbot', 'Generative AI', 'LLM', 'ChatGPT', 'Llama-2', 'BLOOMZ', 'GPT-4', 'GPT4', 'Stable Diffusion 2', 'PaLM 2', 'Claude 2', 'Jurrasic-2', 'Inflection-1', 'Titan Text']"
